source_feature_id,height_m,height_source,wkt
relation/2204742,16.0,gob:building_height,"POLYGON ((686159.15 1191798.449, 686129.564 1191824.79, 686183.647 1191824.79, 686159.15 1191798.449))"
relation/4848313,41.0,gob:building_height,"POLYGON ((686140.006 1191781.463, 686150.13 1191772.338, 686150.767 1191769.841, 686150.99 1191767.132, 686147.239 1191763.151, 686112.116 1191726.253, 686110.985 1191725.063, 686106.146 1191719.981, 686103.412 1191719.966, 686100.049 1191720.987, 686031.084 1191784.818, 686030.652 1191787.736, 686032.099 1191791.073, 686055.322 1191816.224, 686049.131 1191822.085, 686051.708 1191824.79, 686097.999 1191824.79, 686142.301 1191783.765, 686140.006 1191781.463), (686103.677 1191758.916, 686115.874 1191772.269, 686080.589 1191804.075, 686068.391 1191790.733, 686103.677 1191758.916))"
way/1316463702,77.5,gob:building_height,"POLYGON ((686248.449 1191494.536, 686253.373 1191490.05, 686261.805 1191482.365, 686259.903 1191480.297, 686227.363 1191445.05, 686205.53 1191464.939, 686238.07 1191500.186, 686239.973 1191502.254, 686248.449 1191494.536))"
way/138673259,42.0,gob:building_height,"POLYGON ((686265.752 1191565.284, 686258.189 1191572.2, 686265.875 1191580.495, 686270.42 1191585.387, 686272.616 1191587.755, 686286.391 1191575.144, 686301.683 1191561.147, 686287.266 1191545.592, 686265.752 1191565.284))"
way/1527137541,25.0,gob:building_height,"POLYGON ((686314.105 1191439.725, 686293.184 1191415.704, 686276.781 1191430.867, 686296.407 1191453.597, 686314.105 1191439.725))"
way/165491081,63.5,gob:building_height,"POLYGON ((686262.551 1191700.331, 686314.926 1191762.148, 686364.649 1191720.567, 686346.513 1191699.172, 686338.228 1191706.106, 686324.113 1191689.456, 686332.431 1191682.49, 686312.285 1191658.727, 686262.551 1191700.331))"
way/165491082,62.5,gob:building_height,"POLYGON ((686405.319 1191544.7, 686447.192 1191506.714, 686426.264 1191485.768, 686422.977 1191488.825, 686418.887 1191492.619, 686389.532 1191462.987, 686356.664 1191492.56, 686405.319 1191544.7))"
way/165491089,10.5,gob:building_height,"POLYGON ((686347.19 1191768.223, 686358.766 1191765.434, 686355.645 1191752.474, 686353.389 1191743.092, 686332.539 1191749.691, 686337.334 1191770.525, 686347.19 1191768.223))"
way/165491092,4.0,gob:building_height,"POLYGON ((686355.187 1191781.708, 686346.605 1191771.162, 686337.783 1191778.259, 686346.365 1191788.805, 686355.187 1191781.708))"
way/165518958,5.0,gob:building_height,"POLYGON ((686069.379 1191488.751, 686070.391 1191487.706, 686072.837 1191490.452, 686084.997 1191445.697, 686048.942 1191436.603, 686045.847 1191436.663, 686042.467 1191440.693, 686026.097 1191477.361, 686069.379 1191488.751))"
way/187895161,39.5,gob:building_height,"POLYGON ((686357.536 1191400.63, 686317.513 1191359.844, 686294.959 1191381.688, 686334.982 1191422.485, 686357.536 1191400.63))"
way/187895168,25.0,gob:building_height,"POLYGON ((686392.167 1191651.771, 686379.489 1191638.272, 686375.663 1191641.823, 686352.46 1191617.115, 686340.499 1191628.199, 686351.644 1191640.064, 686354.949 1191643.578, 686363.702 1191652.907, 686361.492 1191654.952, 686363.634 1191657.232, 686362.941 1191657.881, 686370.357 1191665.765, 686370.016 1191666.073, 686373.147 1191669.409, 686374.17 1191668.452, 686392.167 1191651.771))"
way/187895174,30.5,gob:building_height,"POLYGON ((686351.961 1191514.248, 686342.19 1191503.044, 686325.342 1191517.53, 686321.748 1191520.673, 686331.585 1191531.79, 686335.069 1191528.789, 686337.86 1191526.382, 686349.23 1191539.111, 686359.694 1191529.889, 686361.321 1191528.46, 686350.081 1191515.875, 686351.961 1191514.248))"
way/187895183,29.5,gob:building_height,"POLYGON ((686216.662 1191719.312, 686191.708 1191692.647, 686185.497 1191698.387, 686175.383 1191707.634, 686200.302 1191734.542, 686216.662 1191719.312))"
way/187895186,13.5,gob:building_height,"POLYGON ((686261.281 1191682.968, 686247.517 1191668.068, 686207.194 1191704.846, 686220.969 1191719.745, 686261.281 1191682.968))"
way/187895187,34.5,gob:building_height,"POLYGON ((686401.954 1191544.006, 686355.756 1191492.622, 686343.379 1191503.604, 686353.728 1191515.11, 686352.046 1191516.605, 686387.896 1191556.483, 686401.954 1191544.006))"
way/193142016,56.5,gob:building_height,"POLYGON ((686489.507 1191562.004, 686512.538 1191581.096, 686512.538 1191543.685, 686489.507 1191562.004))"
way/193142025,16.5,gob:building_height,"POLYGON ((686502.061 1191495.703, 686500.633 1191494.711, 686498.922 1191493.739, 686452.783 1191531.834, 686489.507 1191562.004, 686512.538 1191543.685, 686512.538 1191512.205, 686502.061 1191495.703))"
way/193142038,35.0,gob:building_height,"POLYGON ((686512.538 1191444.926, 686512.538 1191421.402, 686497.387 1191435.313, 686509.097 1191447.944, 686512.538 1191444.926))"
way/263502874,27.5,gob:building_height,"POLYGON ((686397.723 1191706.912, 686381.138 1191688.037, 686379.522 1191689.444, 686368.63 1191698.885, 686385.205 1191717.761, 686397.723 1191706.912))"
way/263502875,23.5,gob:building_height,"POLYGON ((686492.642 1191358.363, 686475.894 1191372.639, 686498.466 1191398.771, 686500.857 1191401.55, 686512.538 1191391.592, 686512.538 1191381.406, 686492.642 1191358.363))"
way/263502876,81.0,gob:building_height,"POLYGON ((686475.894 1191372.639, 686466.311 1191380.816, 686468.843 1191383.739, 686483.351 1191400.545, 686488.872 1191406.947, 686498.466 1191398.771, 686475.894 1191372.639))"
way/285738020,25.0,gob:building_height,"POLYGON ((686185.497 1191698.387, 686157.854 1191669.627, 686151.828 1191675.412, 686150.627 1191678.901, 686150.906 1191681.967, 686175.383 1191707.634, 686185.497 1191698.387))"
way/285863110,11.0,gob:building_height,"POLYGON ((686102.102 1191449.863, 686093.181 1191484.426, 686092.879 1191485.796, 686092.129 1191488.833, 686147.489 1191503.588, 686165.361 1191487.824, 686168.507 1191476.714, 686175.871 1191478.137, 686182.711 1191471.461, 686102.102 1191449.863))"
way/341504305,8.5,gob:building_height,"POLYGON ((686018.444 1191813.663, 686012.538 1191806.789, 686012.538 1191824.79, 686027.328 1191824.79, 686018.444 1191813.663))"
way/341508365,2.0,gob:building_height,"POLYGON ((686364.701 1191453.568, 686361.689 1191450.443, 686348.494 1191463.057, 686351.506 1191466.171, 686364.701 1191453.568))"
way/341508366,1.5,gob:building_height,"POLYGON ((686351.861 1191439.713, 686348.838 1191436.599, 686335.643 1191449.214, 686338.655 1191452.328, 686351.861 1191439.713))"
way/341508367,23.0,gob:building_height,"POLYGON ((686459.753 1191442.98, 686433.482 1191415.234, 686411.053 1191436.215, 686437.378 1191463.994, 686459.753 1191442.98))"
way/39598465,38.5,gob:building_height,"POLYGON ((686294.962 1191782.39, 686305.571 1191794.252, 686308.439 1191791.724, 686319.464 1191782.007, 686308.855 1191770.134, 686315.098 1191764.638, 686311.185 1191760.258, 686287.217 1191733.432, 686263.325 1191706.696, 686239.793 1191727.46, 686235.385 1191731.352, 686259.94 1191758.833, 686263.255 1191762.546, 686277.353 1191778.332, 686285.647 1191787.615, 686287.147 1191789.283, 686287.795 1191788.711, 686294.962 1191782.39))"
way/39598474,24.5,gob:building_height,"POLYGON ((686012.538 1191645.292, 686012.538 1191722.193, 686064.748 1191674.663, 686066.121 1191673.642, 686067.393 1191671.127, 686067.464 1191668.196, 686066.078 1191665.6, 686031.898 1191630.234, 686012.538 1191645.292))"
way/402644457,44.0,gob:building_height,"POLYGON ((686422.445 1191478.225, 686426.47 1191474.343, 686399.586 1191446.815, 686395.561 1191450.698, 686422.445 1191478.225))"
way/402644461,47.0,gob:building_height,"POLYGON ((686471.299 1191455.477, 686465.352 1191449.062, 686448.389 1191464.598, 686454.336 1191471.013, 686471.299 1191455.477))"
way/402644462,14.0,gob:building_height,"POLYGON ((686483.127 1191474.304, 686468.504 1191460.406, 686464.632 1191464.434, 686479.265 1191478.32, 686483.127 1191474.304))"
way/402644464,24.5,gob:building_height,"POLYGON ((686432.991 1191468.118, 686433.76 1191467.392, 686406.645 1191440.051, 686399.586 1191446.815, 686426.47 1191474.343, 686432.991 1191468.118))"
way/402644465,24.0,gob:building_height,"POLYGON ((686468.362 1191407.331, 686471.142 1191410.831, 686483.351 1191400.545, 686468.843 1191383.739, 686456.558 1191394.002, 686468.362 1191407.331))"
way/402644467,17.0,gob:building_height,"POLYGON ((686469.873 1191432.627, 686476.566 1191426.768, 686463.273 1191411.783, 686468.362 1191407.331, 686456.558 1191394.002, 686444.765 1191404.313, 686469.873 1191432.627))"
way/402644470,24.0,gob:building_height,"POLYGON ((686448.389 1191464.598, 686465.352 1191449.062, 686459.753 1191442.98, 686437.378 1191463.994, 686433.76 1191467.392, 686432.991 1191468.118, 686438.591 1191474.012, 686448.389 1191464.598))"
way/402859385,91.0,gob:building_height,"POLYGON ((686511.947 1191692.415, 686510.552 1191689.576, 686509.351 1191687.113, 686508.832 1191686.049, 686508.021 1191684.374, 686506.756 1191681.789, 686505.469 1191679.149, 686503.847 1191675.833, 686503.112 1191674.313, 686502.495 1191673.071, 686461.498 1191675.675, 686454.411 1191693.223, 686483.945 1191724.129, 686512.538 1191700.858, 686512.538 1191693.634, 686511.947 1191692.415))"
way/607428554,3.0,gob:building_height,"POLYGON ((686447.04 1191701.047, 686460.257 1191670.657, 686423.131 1191673.37, 686447.04 1191701.047))"
way/695895003,30.5,gob:building_height,"POLYGON ((686327.726 1191533.383, 686334.107 1191540.509, 686337.129 1191537.849, 686331.585 1191531.79, 686321.748 1191520.673, 686318.824 1191523.422, 686327.726 1191533.383))"
way/695895004,27.5,gob:building_height,"POLYGON ((686324.978 1191535.802, 686327.726 1191533.383, 686318.824 1191523.422, 686316.076 1191525.841, 686324.978 1191535.802))"
way/695895005,12.5,gob:building_height,"POLYGON ((686322.681 1191537.835, 686323.11 1191537.451, 686324.978 1191535.802, 686316.076 1191525.841, 686313.779 1191527.863, 686322.681 1191537.835))"
way/695895006,11.5,gob:building_height,"POLYGON ((686322.681 1191537.835, 686313.779 1191527.863, 686310.503 1191530.754, 686319.406 1191540.726, 686322.681 1191537.835))"
way/695895007,11.5,gob:building_height,"POLYGON ((686319.406 1191540.726, 686310.503 1191530.754, 686304.282 1191536.251, 686313.174 1191546.212, 686319.406 1191540.726))"
way/695895012,7.0,gob:building_height,"POLYGON ((686200.041 1191551.224, 686185.136 1191535.035, 686179.618 1191540.06, 686194.523 1191556.249, 686200.041 1191551.224))"
way/695895013,10.0,gob:building_height,"POLYGON ((686194.523 1191556.249, 686179.618 1191540.06, 686168.405 1191550.252, 686183.31 1191566.441, 686194.523 1191556.249))"
way/695895015,15.0,gob:building_height,"POLYGON ((686183.31 1191566.441, 686168.405 1191550.252, 686140.138 1191519.564, 686130.937 1191527.931, 686174.109 1191574.808, 686183.31 1191566.441))"
way/695895016,34.5,gob:building_height,"POLYGON ((686130.937 1191527.931, 686117.085 1191540.531, 686160.247 1191587.396, 686174.109 1191574.808, 686130.937 1191527.931))"
way/695895031,0.5,gob:building_height,"POLYGON ((686048.406 1191732.05, 686047.265 1191730.782, 686045.737 1191732.145, 686046.878 1191733.413, 686048.406 1191732.05))"
way/741070416,11.0,gob:building_height,"POLYGON ((686326.75 1191561.409, 686336.686 1191552.659, 686323.11 1191537.451, 686322.681 1191537.835, 686319.406 1191540.726, 686313.174 1191546.212, 686326.75 1191561.409))"
way/741084351,88.5,gob:building_height,"POLYGON ((686507.621 1191650.235, 686509.947 1191627.217, 686512.538 1191621.139, 686512.538 1191611.86, 686500.836 1191603.704, 686490.299 1191626.09, 686498.512 1191626.279, 686498.745 1191637.497, 686496.623 1191637.497, 686496.988 1191650.574, 686507.621 1191650.235))"
way/741090713,7.0,gob:building_height,"POLYGON ((686478.143 1191821.407, 686488.081 1191812.325, 686476.187 1191799.472, 686466.249 1191808.553, 686478.143 1191821.407))"
way/741090726,35.5,gob:building_height,"POLYGON ((686421.617 1191824.79, 686448.178 1191824.79, 686451.366 1191821.878, 686435.786 1191805.054, 686418.219 1191821.118, 686421.617 1191824.79))"
way/741090740,11.5,gob:building_height,"POLYGON ((686318.492 1191817.067, 686325.397 1191824.79, 686325.539 1191824.79, 686326.822 1191823.662, 686332.505 1191818.661, 686333.747 1191817.55, 686345.365 1191807.317, 686352.379 1191800.741, 686343.432 1191790.968, 686323.483 1191808.566, 686308.439 1191791.724, 686305.571 1191794.252, 686302.757 1191796.737, 686317.801 1191813.568, 686319.855 1191815.869, 686318.492 1191817.067))"
way/801710792,14.0,gob:building_height,"POLYGON ((686263.23 1191820.244, 686223.313 1191776.129, 686221.726 1191774.362, 686216.582 1191778.957, 686215.103 1191777.323, 686212.685 1191779.477, 686212.207 1191778.955, 686207.513 1191783.143, 686203.05 1191787.134, 686203.539 1191787.679, 686200.989 1191789.954, 686202.522 1191791.666, 686197.686 1191795.987, 686204.262 1191803.269, 686223.736 1191824.79, 686254.577 1191824.79, 686254.63 1191824.743, 686254.673 1191824.79, 686258.141 1191824.79, 686263.23 1191820.244))"
way/802125677,49.5,gob:building_height,"POLYGON ((686043.064 1191388.241, 686012.538 1191374.7, 686012.538 1191459.809, 686043.064 1191388.241))"
way/803149502,9.0,gob:building_height,"POLYGON ((686042.174 1191483.49, 686027.036 1191477.698, 686019.879 1191496.197, 686035.017 1191501.978, 686042.174 1191483.49))"
way/803149503,7.5,gob:building_height,"POLYGON ((686091.145 1191447.457, 686085.258 1191445.942, 686073.914 1191489.518, 686079.812 1191491.033, 686091.145 1191447.457))"
way/803149504,10.0,gob:building_height,"POLYGON ((686084.413 1191483.757, 686081.749 1191494.694, 686090.204 1191496.732, 686092.129 1191488.833, 686092.879 1191485.796, 686084.413 1191483.757))"
way/803149505,8.5,gob:building_height,"POLYGON ((686093.309 1191447.624, 686084.378 1191482.186, 686093.181 1191484.426, 686102.102 1191449.863, 686093.309 1191447.624))"
way/803182370,0.5,gob:building_height,"POLYGON ((686060.481 1191497.75, 686055.717 1191493.012, 686038.879 1191509.721, 686043.643 1191514.46, 686060.481 1191497.75))"
way/804073946,21.0,gob:building_height,"POLYGON ((686405.749 1191353.455, 686424.139 1191336.931, 686424.868 1191337.731, 686430.495 1191332.774, 686436.696 1191327.089, 686436.033 1191326.356, 686437.774 1191324.79, 686379.637 1191324.79, 686405.749 1191353.455))"
