source_feature_id,kind,wkt
way/1122280204,garden,"POLYGON ((686119.247 1191682.997, 686119.974 1191682.127, 686120.602 1191681.179, 686121.144 1191680.176, 686121.587 1191679.127, 686121.921 1191678.045, 686122.146 1191676.929, 686122.262 1191675.801, 686122.268 1191674.662, 686122.165 1191673.533, 686121.953 1191672.426, 686121.631 1191671.329, 686121.21 1191670.276, 686120.68 1191669.266, 686120.061 1191668.311, 686119.355 1191667.433, 686118.561 1191666.611, 686117.691 1191665.876, 686116.754 1191665.229, 686115.75 1191664.67, 686114.714 1191664.211, 686113.622 1191663.862, 686112.508 1191663.612, 686111.371 1191663.473, 686110.234 1191663.434, 686109.096 1191663.516, 686107.968 1191663.709, 686106.862 1191664.001, 686105.799 1191664.405, 686104.768 1191664.897, 686103.802 1191665.5, 686102.891 1191666.181, 686102 1191667.005, 686101.208 1191667.908, 686100.513 1191668.889, 686099.917 1191669.947, 686099.429 1191671.051, 686099.073 1191672.188, 686098.826 1191673.37, 686098.699 1191674.564, 686098.703 1191675.77, 686098.828 1191676.965, 686099.073 1191678.15, 686099.438 1191679.292, 686099.924 1191680.39, 686100.52 1191681.444, 686101.225 1191682.421, 686102.019 1191683.333, 686102.911 1191684.145, 686103.88 1191684.869, 686104.916 1191685.495, 686106.007 1191685.998, 686107.153 1191686.403, 686108.333 1191686.686, 686109.535 1191686.837, 686110.738 1191686.876, 686111.953 1191686.784, 686113.146 1191686.58, 686114.307 1191686.244, 686115.425 1191685.796, 686116.5 1191685.238, 686117.51 1191684.569, 686118.444 1191683.811, 686119.247 1191682.997))"
way/1161059291,grass,"POLYGON ((686448.273 1191791.85, 686479.326 1191824.79, 686512.538 1191824.79, 686512.538 1191736.17, 686448.273 1191791.85))"
way/165491105,park,"POLYGON ((686111.856 1191629.417, 686160.247 1191587.396, 686117.085 1191540.531, 686110.464 1191533.337, 686071.832 1191569.029, 686060.946 1191579.477, 686107.301 1191630.232, 686111.856 1191629.417))"
way/193142040,park,"POLYGON ((686496.34 1191354.313, 686512.538 1191372.536, 686512.538 1191339.45, 686496.34 1191354.313))"
way/695895029,park,"POLYGON ((686024.774 1191772.747, 686027.245 1191773.027, 686029.234 1191771.201, 686030.015 1191770.498, 686030.927 1191769.651, 686048.869 1191753.191, 686049.528 1191752.586, 686050.43 1191751.751, 686096.173 1191709.782, 686097.91 1191708.199, 686099.163 1191707.066, 686099.848 1191705.931, 686100.029 1191704.815, 686099.828 1191703.63, 686099.254 1191702.576, 686089.969 1191692.602, 686080.782 1191682.728, 686079.594 1191681.98, 686078.316 1191681.685, 686077.035 1191681.866, 686075.828 1191682.457, 686075.4 1191682.831, 686073.311 1191684.744, 686027.106 1191727.119, 686026.402 1191727.757, 686025.534 1191728.56, 686012.538 1191740.482, 686012.538 1191759.356, 686024.774 1191772.747))"
way/695895030,grass,"POLYGON ((686081.113 1191715.683, 686085.713 1191712.5, 686089.142 1191709.5, 686093.042 1191706.49, 686096.326 1191703.964, 686094.5 1191701.808, 686074.202 1191719.251, 686075.259 1191720.02, 686081.113 1191715.683))"
way/695895032,grass,"POLYGON ((686049.711 1191745.242, 686053.828 1191742.489, 686056.706 1191740.281, 686064.777 1191732.494, 686066.472 1191730.69, 686068.621 1191727.604, 686070.166 1191725.168, 686071.135 1191724.079, 686071.983 1191722.988, 686073.302 1191721.867, 686073.02 1191721.445, 686048.395 1191743.919, 686035.055 1191729.475, 686059.614 1191707.079, 686058.983 1191706.379, 686055.883 1191709.282, 686052.566 1191711.664, 686047.56 1191715.098, 686041.41 1191719.577, 686035.922 1191724.978, 686032.296 1191729.914, 686031.325 1191731.556, 686046.396 1191747.481, 686049.711 1191745.242))"
way/695895033,scrub,"POLYGON ((686013.126 1191743.247, 686015.882 1191741.294, 686021.922 1191736.847, 686026.038 1191734.182, 686028.6 1191731.785, 686025.534 1191728.56, 686012.538 1191740.482, 686012.538 1191744.062, 686013.126 1191743.247))"
way/695895034,scrub,"POLYGON ((686024.774 1191772.747, 686027.245 1191773.027, 686029.234 1191771.201, 686012.538 1191752.993, 686012.538 1191759.356, 686024.774 1191772.747))"
way/695895035,scrub,"POLYGON ((686029.672 1191729.777, 686033.095 1191725.869, 686036.374 1191722.392, 686040.948 1191718.048, 686048.024 1191712.335, 686054.095 1191708.132, 686058.916 1191704.63, 686061.28 1191702.453, 686064.669 1191698.755, 686071.085 1191691.723, 686075.628 1191687.124, 686073.311 1191684.744, 686027.106 1191727.119, 686029.672 1191729.777))"
way/695895037,grass,"POLYGON ((686079.332 1191685.795, 686078.312 1191686.342, 686075.91 1191689.382, 686071.956 1191694.393, 686069.985 1191696.727, 686066.453 1191700.513, 686061.429 1191705.131, 686061.776 1191705.741, 686081.528 1191688.219, 686079.332 1191685.795))"
way/695895045,scrub,"POLYGON ((686045.878 1191750.033, 686044.212 1191750.743, 686042.365 1191752.48, 686040.822 1191754.518, 686037.049 1191760.327, 686029.547 1191768.15, 686030.927 1191769.651, 686048.869 1191753.191, 686045.878 1191750.033))"
way/695895047,scrub,"POLYGON ((686050.43 1191751.751, 686096.173 1191709.782, 686094.76 1191708.181, 686092.554 1191709.696, 686083.198 1191716.281, 686075.98 1191722.07, 686073.913 1191724.094, 686071.478 1191727.288, 686069.109 1191730.483, 686066.378 1191733.742, 686061.222 1191738.448, 686056.949 1191741.853, 686051.06 1191746.555, 686047.624 1191748.771, 686050.43 1191751.751))"
way/801710789,garden,"POLYGON ((686197.859 1191798.222, 686195.803 1191800.169, 686183.756 1191810.887, 686196.286 1191824.789, 686221.261 1191824.789, 686197.859 1191798.222))"
way/801710790,garden,"POLYGON ((686252.181 1191804.829, 686265.613 1191792.946, 686238.383 1191762.574, 686224.952 1191774.457, 686252.181 1191804.829))"
way/801710837,park,"POLYGON ((686122.716 1191704.354, 686122.435 1191705.724, 686122.646 1191707.141, 686123.665 1191708.707, 686124.709 1191709.83, 686134.961 1191720.904, 686136.125 1191722.161, 686137.19 1191723.306, 686156.02 1191743.676, 686157.01 1191744.743, 686157.89 1191745.689, 686169.545 1191758.286, 686171.731 1191760.655, 686173.321 1191761.869, 686174.708 1191762.142, 686176.164 1191761.951, 686177.6 1191761.296, 686192.738 1191747.464, 686193.533 1191746.086, 686193.783 1191744.505, 686193.474 1191743.066, 686192.519 1191741.633, 686190.312 1191739.254, 686178.624 1191726.689, 686177.798 1191725.8, 686176.917 1191724.854, 686158.108 1191704.595, 686156.901 1191703.294, 686155.825 1191702.138, 686145.507 1191691.03, 686144.496 1191689.951, 686143.996 1191689.417, 686142.742 1191688.592, 686141.311 1191688.363, 686139.833 1191688.653, 686138.428 1191689.541, 686123.466 1191703.12, 686122.716 1191704.354))"
way/804073943,garden,"POLYGON ((686412.098 1191328.888, 686408.366 1191324.79, 686395.067 1191324.79, 686392.805 1191326.823, 686402.535 1191337.497, 686412.098 1191328.888))"
