source_feature_id,road_class,emission_weight,wkt
10560232673-10560232674,tertiary,0.5,"LINESTRING (686110.652 1191647.297, 686136.417 1191675.46)"
10560232673-2034589230,tertiary,0.5,"LINESTRING (686110.652 1191647.297, 686116.716 1191642.375, 686138.474 1191622.12, 686173.59 1191589.428, 686177.361 1191585.91, 686238.976 1191530.091, 686244.418 1191525.055)"
10560232674-10560232676,tertiary,0.5,"LINESTRING (686136.417 1191675.46, 686110.938 1191700.119)"
10560232674-1769277475,tertiary,0.5,"LINESTRING (686136.417 1191675.46, 686147.42 1191687.302, 686152.921 1191693.228, 686159.108 1191699.888, 686159.825 1191700.667, 686180.689 1191723.139, 686195.388 1191738.983, 686203.586 1191747.812)"
10560232675-10560232673,tertiary,0.5,"LINESTRING (686083.889 1191670.621, 686091.473 1191664.015, 686110.652 1191647.297)"
10560232675-9608426541,tertiary,0.5,"LINESTRING (686083.889 1191670.621, 686082.849 1191651.114, 686008.594 1191570.481, 686000.56 1191561.764, 685987.676 1191547.987)"
10560232675-9708695734,tertiary,0.5,"LINESTRING (686083.889 1191670.621, 686073.637 1191659.569, 685992.653 1191571.499, 685982.4 1191560.502)"
10560232676-10560232675,tertiary,0.5,"LINESTRING (686110.938 1191700.119, 686097.587 1191685.631, 686083.889 1191670.621)"
10560232676-1769277472,tertiary,0.5,"LINESTRING (686110.938 1191700.119, 686100.259 1191710.645, 686051.845 1191754.922, 686032.178 1191772.899, 686021.053 1191783.069, 686011.94 1191791.404)"
11140371367-411925937,tertiary,0.5,"LINESTRING (686431.928 1191537.293, 686433.434 1191535.874, 686454.655 1191515.76, 686490.347 1191481.944, 686498.428 1191474.345)"
1769277421-2907818488,residential,0.25,"LINESTRING (686220.066 1191732.638, 686274.01 1191795.382, 686271.15 1191810.101, 686274.087 1191820.836, 686283.8 1191836.476)"
1769277421-3335337345,tertiary,0.5,"LINESTRING (686220.066 1191732.638, 686235.248 1191718.652, 686271.945 1191684.841)"
1769277433-10560232676,tertiary,0.5,"LINESTRING (686177.069 1191772.244, 686168.926 1191763.371, 686154.261 1191747.361, 686133.398 1191724.613, 686124.321 1191714.717, 686123.005 1191713.283, 686121.103 1191711.215, 686110.938 1191700.119)"
1769277433-1769277475,tertiary,0.5,"LINESTRING (686177.069 1191772.244, 686197.836 1191753.112, 686203.586 1191747.812)"
1769277472-2043347015,tertiary,0.5,"LINESTRING (686011.94 1191791.404, 686001.29 1191778.911, 685985.751 1191760.672)"
1769277475-1769277421,tertiary,0.5,"LINESTRING (686203.586 1191747.812, 686220.066 1191732.638)"
1985346078-1769277433,tertiary,0.5,"LINESTRING (686159.051 1191788.847, 686177.069 1191772.244)"
2034589230-411926158,tertiary,0.5,"LINESTRING (686244.418 1191525.055, 686281.655 1191490.606)"
2034589236-3335337343,tertiary,0.5,"LINESTRING (686286.738 1191536.319, 686264.003 1191557.299, 686208.055 1191608.978, 686204.383 1191612.365)"
2043347015-10560232675,tertiary,0.5,"LINESTRING (685985.751 1191760.672, 685990.126 1191756.681, 685999.35 1191748.248, 686005.44 1191742.685, 686016.312 1191732.734, 686024.282 1191725.455, 686070.223 1191683.443, 686073.378 1191680.563, 686083.889 1191670.621)"
2907818487-1985346078,residential,0.25,"LINESTRING (686254.4 1191860.14, 686238.964 1191843.074, 686228.728 1191842.796, 686218.593 1191845.947, 686210.027 1191846.32, 686159.051 1191788.847)"
2907818487-2907818488,residential,0.25,"LINESTRING (686254.4 1191860.14, 686272.638 1191845.462, 686283.8 1191836.476)"
3335337343-10560232674,tertiary,0.5,"LINESTRING (686204.383 1191612.365, 686202.393 1191614.19, 686146.324 1191665.968, 686142.872 1191669.157, 686136.417 1191675.46)"
3335337343-3335337345,residential,0.25,"LINESTRING (686204.383 1191612.365, 686212.559 1191621.138, 686271.945 1191684.841)"
3335337345-411919545,tertiary,0.5,"LINESTRING (686271.945 1191684.841, 686311.413 1191648.479)"
411917880-2034589236,tertiary,0.5,"LINESTRING (686433.356 1191400.433, 686425.485 1191407.734, 686311.529 1191513.415, 686286.738 1191536.319)"
411917880-411925937,residential,0.25,"LINESTRING (686433.356 1191400.433, 686440.129 1191407.882, 686467.948 1191438.556, 686493.892 1191467.826, 686498.428 1191474.345)"
411917881-411926407,residential,0.25,"LINESTRING (686407.966 1191373.732, 686309.26 1191272.355)"
411917881-5737753350,tertiary,0.5,"LINESTRING (686407.966 1191373.732, 686471.695 1191313.523)"
411918867-411926196,residential,0.25,"LINESTRING (686250.745 1191179.752, 686246.995 1191189.388, 686237.597 1191211.448, 686225.451 1191239.976, 686165.84 1191379.985)"
411919045-411926393,residential,0.25,"LINESTRING (686505.267 1191866.713, 686481.634 1191840.752, 686469.536 1191827.233, 686436.024 1191789.79)"
411919405-10560232673,tertiary,0.5,"LINESTRING (685997.758 1191524.747, 686014.652 1191543.303, 686064.184 1191597.062, 686094.615 1191630.084, 686099.724 1191635.632, 686110.652 1191647.297)"
411919405-9713062518,secondary,0.75,"LINESTRING (685997.758 1191524.747, 685992.12 1191537.492)"
411919545-411919580,tertiary,0.5,"LINESTRING (686311.413 1191648.479, 686354.507 1191609.051)"
411919545-411926393,residential,0.25,"LINESTRING (686311.413 1191648.479, 686339.845 1191680.916, 686350.626 1191693.21, 686393.209 1191741.798, 686407.883 1191758.251, 686436.024 1191789.79)"
411919580-11140371367,tertiary,0.5,"LINESTRING (686354.507 1191609.051, 686391.269 1191575.385, 686424.594 1191544.154, 686431.928 1191537.293)"
411919580-2034589236,residential,0.25,"LINESTRING (686354.507 1191609.051, 686332.349 1191585.256, 686286.738 1191536.319)"
411919580-411926010,residential,0.25,"LINESTRING (686354.507 1191609.051, 686408.598 1191667.084)"
411925937-2036082855,residential,0.25,"LINESTRING (686498.428 1191474.345, 686502.402 1191481.579, 686552.493 1191582.255, 686555.801 1191589.265)"
411925937-2036083298,tertiary,0.5,"LINESTRING (686498.428 1191474.345, 686506.32 1191467.287, 686565.803 1191411.513, 686580.797 1191397.946)"
411925962-411926010,residential,0.25,"LINESTRING (686482.724 1191747.042, 686408.598 1191667.084)"
411925962-411926393,primary,1.0,"LINESTRING (686482.724 1191747.042, 686436.024 1191789.79)"
411925962-6747172989,primary,1.0,"LINESTRING (686482.724 1191747.042, 686503.628 1191728.951, 686526.457 1191708.801, 686535.592 1191700.6)"
411926010-6747172986,residential,0.25,"LINESTRING (686408.598 1191667.084, 686483.608 1191660.886, 686506.358 1191659.011, 686516.337 1191658.181)"
411926153-411926158,residential,0.25,"LINESTRING (686227.687 1191428.061, 686275.233 1191483.037, 686281.655 1191490.606)"
411926153-411926407,residential,0.25,"LINESTRING (686227.687 1191428.061, 686283.735 1191321.084, 686309.26 1191272.355)"
411926153-411926620,residential,0.25,"LINESTRING (686227.687 1191428.061, 686216.275 1191438.528, 686186.78 1191465.598)"
411926157-1769277472,tertiary,0.5,"LINESTRING (686075.477 1191865.837, 686068.109 1191857.202, 686041.629 1191825.86, 686025.914 1191807.797, 686017.416 1191797.828, 686011.94 1191791.404)"
411926157-1985346078,tertiary,0.5,"LINESTRING (686075.477 1191865.837, 686080.776 1191860.944, 686155.852 1191791.783, 686159.051 1191788.847)"
411926158-411917881,tertiary,0.5,"LINESTRING (686281.655 1191490.606, 686287.042 1191485.647, 686377.523 1191401.892, 686407.966 1191373.732)"
411926196-411926153,residential,0.25,"LINESTRING (686165.84 1191379.985, 686227.687 1191428.061)"
411926196-411926586,residential,0.25,"LINESTRING (686165.84 1191379.985, 686135.958 1191451.002)"
411926197-411926196,residential,0.25,"LINESTRING (686088.376 1191319.711, 686098.842 1191327.778, 686165.84 1191379.985)"
411926197-411926455,secondary,0.75,"LINESTRING (686088.376 1191319.711, 686082.649 1191330.818, 686067.783 1191362.638, 686059.946 1191379.43, 686039.97 1191425.381)"
411926378-411926393,primary,1.0,"LINESTRING (686328.553 1191884.158, 686392.334 1191828.153, 686436.024 1191789.79)"
411926455-411919405,secondary,0.75,"LINESTRING (686039.97 1191425.381, 686037.566 1191431.031, 686023.347 1191464.48, 686014.747 1191484.698, 686003.12 1191512.332, 686001.015 1191517.21, 685997.758 1191524.747)"
411926455-411926586,residential,0.25,"LINESTRING (686039.97 1191425.381, 686053.839 1191429.396, 686094.1 1191439.133, 686135.958 1191451.002)"
411926586-411926620,residential,0.25,"LINESTRING (686135.958 1191451.002, 686186.78 1191465.598)"
411926620-2034589230,residential,0.25,"LINESTRING (686186.78 1191465.598, 686236.698 1191516.893, 686244.418 1191525.055)"
5247691973-411917880,tertiary,0.5,"LINESTRING (686546.548 1191296.396, 686433.356 1191400.433)"
6747172986-6747199447,residential,0.25,"LINESTRING (686516.337 1191658.181, 686516.173 1191646.411, 686517.888 1191636.985, 686520.495 1191628.437, 686523.957 1191619.651, 686529.079 1191611.195)"
6747172989-6747172986,residential,0.25,"LINESTRING (686535.592 1191700.6, 686529.979 1191693.146, 686529.144 1191691.847, 686524.35 1191684.454, 686518.829 1191672.277, 686517.771 1191667.813, 686516.337 1191658.181)"
6747199447-11140371367,residential,0.25,"LINESTRING (686529.079 1191611.195, 686520.888 1191604.966, 686483.88 1191576.807, 686482.594 1191575.826, 686469.993 1191566.243, 686431.928 1191537.293)"
6747199447-2036082855,residential,0.25,"LINESTRING (686529.079 1191611.195, 686538.112 1191601.533, 686547.372 1191594.395, 686554.275 1191590.186, 686555.801 1191589.265)"
9608426541-9708695734,secondary,0.75,"LINESTRING (685987.676 1191547.987, 685982.4 1191560.502)"
9608426541-9713062518,secondary,0.75,"LINESTRING (685987.676 1191547.987, 685992.12 1191537.492)"
9713062518-10560232673,tertiary,0.5,"LINESTRING (685992.12 1191537.492, 686006.862 1191553.47, 686086.709 1191639.487, 686090.765 1191643.857, 686110.652 1191647.297)"
